<?xml version="1.0" encoding="UTF-8" standalone="no"?>
<Pagelet>
    <DataPagelet>
        <PageletHeader>
            <PageletName>Manulife_Main</PageletName>
            <PageletDescription>Manulife_Main</PageletDescription>
            <PageletVersion>1.0</PageletVersion>
        </PageletHeader>
        <PageletBody>
            <PageletFields>
                <PageletField>
                    <FieldOrderID>999</FieldOrderID>
                    <FieldName>AudioFilePath</FieldName>
                    <FieldDisplayName/>
                    <FieldType>String</FieldType>
                    <FieldValidation>
                        <StringValidation>
                            <MinLength>0</MinLength>
                            <MaxLength>2147483647</MaxLength>
                        </StringValidation>
                    </FieldValidation>
                    <FieldDefaultValue/>
                    <IsFieldTemplatable>true</IsFieldTemplatable>
                    <IsFieldMandatory>false</IsFieldMandatory>
                    <FieldDescription/>
                    <FieldAccessLevel>1</FieldAccessLevel>
                    <FieldScope>Local</FieldScope>
                </PageletField>
                <PageletField>
                    <FieldOrderID>999</FieldOrderID>
                    <FieldName>DatabasePass</FieldName>
                    <FieldDisplayName/>
                    <FieldType>String</FieldType>
                    <FieldValidation>
                        <StringValidation>
                            <MinLength>0</MinLength>
                            <MaxLength>2147483647</MaxLength>
                        </StringValidation>
                    </FieldValidation>
                    <FieldDefaultValue/>
                    <IsFieldTemplatable>true</IsFieldTemplatable>
                    <IsFieldMandatory>false</IsFieldMandatory>
                    <FieldDescription/>
                    <FieldAccessLevel>1</FieldAccessLevel>
                    <FieldScope>Local</FieldScope>
                </PageletField>
                <PageletField>
                    <FieldOrderID>999</FieldOrderID>
                    <FieldName>Path</FieldName>
                    <FieldDisplayName/>
                    <FieldType>String</FieldType>
                    <FieldValidation>
                        <StringValidation>
                            <MinLength>0</MinLength>
                            <MaxLength>2147483647</MaxLength>
                        </StringValidation>
                    </FieldValidation>
                    <FieldDefaultValue/>
                    <IsFieldTemplatable>true</IsFieldTemplatable>
                    <IsFieldMandatory>false</IsFieldMandatory>
                    <FieldDescription/>
                    <FieldAccessLevel>1</FieldAccessLevel>
                    <FieldScope>Local</FieldScope>
                </PageletField>
                <PageletField>
                    <FieldOrderID>999</FieldOrderID>
                    <FieldName>CommonConfig:ConfigFile</FieldName>
                    <FieldDisplayName/>
                    <FieldType>String</FieldType>
                    <FieldValidation>
                        <StringValidation>
                            <MinLength>0</MinLength>
                            <MaxLength>2147483647</MaxLength>
                        </StringValidation>
                    </FieldValidation>
                    <FieldDefaultValue/>
                    <IsFieldTemplatable>true</IsFieldTemplatable>
                    <IsFieldMandatory>false</IsFieldMandatory>
                    <FieldDescription/>
                    <FieldAccessLevel>1</FieldAccessLevel>
                    <FieldScope>Local</FieldScope>
                </PageletField>
                <PageletField>
                    <FieldOrderID>999</FieldOrderID>
                    <FieldName>CommonConfig:PathLocation</FieldName>
                    <FieldDisplayName/>
                    <FieldType>String</FieldType>
                    <FieldValidation>
                        <StringValidation>
                            <MinLength>0</MinLength>
                            <MaxLength>2147483647</MaxLength>
                        </StringValidation>
                    </FieldValidation>
                    <FieldDefaultValue/>
                    <IsFieldTemplatable>true</IsFieldTemplatable>
                    <IsFieldMandatory>false</IsFieldMandatory>
                    <FieldDescription/>
                    <FieldAccessLevel>1</FieldAccessLevel>
                    <FieldScope>Local</FieldScope>
                </PageletField>
                <PageletField>
                    <FieldOrderID>999</FieldOrderID>
                    <FieldName>DatabaseUser</FieldName>
                    <FieldDisplayName/>
                    <FieldType>String</FieldType>
                    <FieldValidation>
                        <StringValidation>
                            <MinLength>0</MinLength>
                            <MaxLength>2147483647</MaxLength>
                        </StringValidation>
                    </FieldValidation>
                    <FieldDefaultValue/>
                    <IsFieldTemplatable>true</IsFieldTemplatable>
                    <IsFieldMandatory>false</IsFieldMandatory>
                    <FieldDescription/>
                    <FieldAccessLevel>1</FieldAccessLevel>
                    <FieldScope>Local</FieldScope>
                </PageletField>
                <PageletField>
                    <FieldOrderID>999</FieldOrderID>
                    <FieldName>DatabaseIP</FieldName>
                    <FieldDisplayName/>
                    <FieldType>String</FieldType>
                    <FieldValidation>
                        <StringValidation>
                            <MinLength>0</MinLength>
                            <MaxLength>2147483647</MaxLength>
                        </StringValidation>
                    </FieldValidation>
                    <FieldDefaultValue/>
                    <IsFieldTemplatable>true</IsFieldTemplatable>
                    <IsFieldMandatory>false</IsFieldMandatory>
                    <FieldDescription/>
                    <FieldAccessLevel>1</FieldAccessLevel>
                    <FieldScope>Local</FieldScope>
                </PageletField>
                <PageletField>
                    <FieldOrderID>999</FieldOrderID>
                    <FieldName>DatabaseName</FieldName>
                    <FieldDisplayName/>
                    <FieldType>String</FieldType>
                    <FieldValidation>
                        <StringValidation>
                            <MinLength>0</MinLength>
                            <MaxLength>2147483647</MaxLength>
                        </StringValidation>
                    </FieldValidation>
                    <FieldDefaultValue/>
                    <IsFieldTemplatable>true</IsFieldTemplatable>
                    <IsFieldMandatory>false</IsFieldMandatory>
                    <FieldDescription/>
                    <FieldAccessLevel>1</FieldAccessLevel>
                    <FieldScope>Local</FieldScope>
                </PageletField>
                <PageletField>
                    <FieldOrderID>999</FieldOrderID>
                    <FieldName>DefaultTransferENG</FieldName>
                    <FieldDisplayName/>
                    <FieldType>String</FieldType>
                    <FieldValidation>
                        <StringValidation>
                            <MinLength>0</MinLength>
                            <MaxLength>2147483647</MaxLength>
                        </StringValidation>
                    </FieldValidation>
                    <FieldDefaultValue/>
                    <IsFieldTemplatable>true</IsFieldTemplatable>
                    <IsFieldMandatory>false</IsFieldMandatory>
                    <FieldDescription/>
                    <FieldAccessLevel>1</FieldAccessLevel>
                    <FieldScope>Local</FieldScope>
                </PageletField>
                <PageletField>
                    <FieldOrderID>999</FieldOrderID>
                    <FieldName>DefaultTransferIND</FieldName>
                    <FieldDisplayName/>
                    <FieldType>String</FieldType>
                    <FieldValidation>
                        <StringValidation>
                            <MinLength>0</MinLength>
                            <MaxLength>2147483647</MaxLength>
                        </StringValidation>
                    </FieldValidation>
                    <FieldDefaultValue/>
                    <IsFieldTemplatable>true</IsFieldTemplatable>
                    <IsFieldMandatory>false</IsFieldMandatory>
                    <FieldDescription/>
                    <FieldAccessLevel>1</FieldAccessLevel>
                    <FieldScope>Local</FieldScope>
                </PageletField>
            </PageletFields>
        </PageletBody>
    </DataPagelet>
</Pagelet>
